split,epoch,train_rmse,test_rmse
probe,1,0.9502,1.01004
probe,2,0.91459,0.9884
probe,3,0.89204,0.97408
probe,4,0.87741,0.96415
probe,5,0.86355,0.95627
probe,6,0.85148,0.94994
probe,7,0.8414,0.9448
probe,8,0.83284,0.94055
probe,9,0.82533,0.93696
probe,10,0.81852,0.9339
probe,11,0.81221,0.93124
probe,12,0.80635,0.92894
probe,13,0.80089,0.92693
probe,14,0.79579,0.92518
probe,15,0.79102,0.92366
probe,16,0.78655,0.92235
probe,17,0.78236,0.92122
probe,18,0.77844,0.92024
probe,19,0.77476,0.91941
probe,20,0.77132,0.91871
random,1,0.95544,0.93499
random,2,0.92352,0.91334
random,3,0.90045,0.89753
random,4,0.88673,0.88733
random,5,0.87454,0.87736
random,6,0.86278,0.86853
random,7,0.85214,0.86117
random,8,0.84282,0.85517
random,9,0.8346,0.8502
random,10,0.8272,0.84602
random,11,0.82038,0.84242
random,12,0.814,0.83929
random,13,0.80797,0.83656
random,14,0.80224,0.83418
random,15,0.79681,0.83211
random,16,0.79165,0.83033
random,17,0.78678,0.8288
random,18,0.78216,0.82749
random,19,0.7778,0.82638
random,20,0.77368,0.82544
