month,n,mean_rating
1999-11,28,3.4286
1999-12,2150,3.3358
2000-01,87914,3.2813
2000-02,97318,3.3447
2000-03,92697,3.3348
2000-04,67997,3.3653
2000-05,60237,3.3845
2000-06,54327,3.3905
2000-07,62869,3.3889
2000-08,72588,3.3946
2000-09,89871,3.3613
2000-10,60402,3.3496
2000-11,72009,3.3681
2000-12,106214,3.4321
2001-01,157111,3.3978
2001-02,142180,3.3548
2001-03,129577,3.459
2001-04,105573,3.4568
2001-05,121552,3.4043
2001-06,146696,3.3753
2001-07,151808,3.3805
2001-08,145962,3.3504
2001-09,123328,3.3578
2001-10,163997,3.3804
2001-11,178397,3.4202
2001-12,202850,3.3747
2002-01,314022,3.3476
2002-02,262191,3.3409
2002-03,363723,3.4093
2002-04,352683,3.3648
2002-05,323659,3.3597
2002-06,313797,3.3688
2002-07,355483,3.3812
2002-08,389445,3.3951
2002-09,404533,3.3776
2002-10,456118,3.3819
2002-11,414100,3.4102
2002-12,393117,3.4167
2003-01,500393,3.3754
2003-02,458420,3.3945
2003-03,518642,3.3468
2003-04,552344,3.3704
2003-05,733769,3.4018
2003-06,814454,3.4342
2003-07,878246,3.4258
2003-08,1009573,3.3794
2003-09,1024608,3.4045
2003-10,1078258,3.4323
2003-11,1120845,3.4197
2003-12,1295785,3.4224
2004-01,1954333,3.408
2004-02,1817916,3.435
2004-03,2130011,3.529
2004-04,2226616,3.5771
2004-05,2291352,3.5668
2004-06,2539221,3.5814
2004-07,2463521,3.598
2004-08,2617279,3.6286
2004-09,2663451,3.6482
2004-10,2860409,3.6812
2004-11,3198663,3.6521
2004-12,3443802,3.6731
2005-01,4698197,3.6531
2005-02,4104160,3.6539
2005-03,4310242,3.6557
2005-04,4163988,3.6524
2005-05,4388899,3.6636
2005-06,5296431,3.6797
2005-07,4945586,3.7013
2005-08,5261590,3.6827
2005-09,4913537,3.6928
2005-10,5156753,3.7113
2005-11,3605112,3.6815
2005-12,2405578,3.668
